ID,total_cost
tour_985,2358195.911908809
tour_986,11683631.562157592
tour_987,9959020.798529338
tour_989,3590924.470252309
tour_99,7228978.2021944625
tour_991,5687047.644679415
tour_993,2338740.539772221
tour_994,12113682.298416607
tour_995,3148230.4819104234
tour_997,7230298.0828052545
tour_999,11693442.427886352
